g3_12system_code,system_name,year,period,g3_8_all_subjects,g3_8_ela,g3_8_math,g3_8_science,g3_8_social_studies,g3_12_all_subjects,g3_12_ela,g3_12_math,g3_12_science,g3_12_social_studies
001,Acadia Parish,2018,pre_ban,37,47,38,33,27,36,45,35,NA,26
001,Acadia Parish,2019,pre_ban,38,47,39,33,28,37,47,38,NA,27
001,Acadia Parish,2021,pre_ban,33,45,33,28,26,33,45,32,28,24
001,Acadia Parish,2022,pre_ban,34,45,37,29,26,34,44,35,29,25
001,Acadia Parish,2023,pre_ban,36,47,39,31,28,36,47,38,30,26
001,Acadia Parish,2024,pre_ban,37,46,35,31,NA,36,45,35,30,19
001,Acadia Parish,2025,post_ban,35,44,34,30,32,34,44,34,29,29
002,Allen Parish,2018,pre_ban,38,51,32,33,32,40,52,34,NA,32
002,Allen Parish,2019,pre_ban,39,51,36,33,29,39,52,36,NA,28
002,Allen Parish,2021,pre_ban,30,41,25,28,27,30,43,25,27,25
002,Allen Parish,2022,pre_ban,32,44,29,29,27,33,46,30,28,26
002,Allen Parish,2023,pre_ban,33,44,30,31,27,34,47,32,31,25
002,Allen Parish,2024,pre_ban,36,47,30,32,NA,36,48,31,31,23
002,Allen Parish,2025,post_ban,36,45,33,30,35,36,46,35,30,32
003,Ascension Parish,2018,pre_ban,50,60,46,43,45,53,62,49,NA,46
003,Ascension Parish,2019,pre_ban,52,61,49,43,46,54,62,53,NA,47
003,Ascension Parish,2021,pre_ban,46,57,44,41,43,48,58,46,41,44
003,Ascension Parish,2022,pre_ban,47,59,46,42,41,49,60,49,42,42
003,Ascension Parish,2023,pre_ban,49,60,48,44,43,51,61,51,44,44
003,Ascension Parish,2024,pre_ban,51,62,48,45,NA,53,62,51,45,54
003,Ascension Parish,2025,post_ban,51,60,50,45,50,52,60,53,45,51
004,Assumption Parish,2018,pre_ban,33,39,36,25,25,34,41,35,NA,25
004,Assumption Parish,2019,pre_ban,33,41,35,26,24,34,42,34,NA,24
004,Assumption Parish,2021,pre_ban,26,33,27,20,23,27,35,29,21,22
004,Assumption Parish,2022,pre_ban,26,32,31,20,20,27,34,32,21,21
004,Assumption Parish,2023,pre_ban,27,36,30,23,20,30,40,34,24,21
004,Assumption Parish,2024,pre_ban,27,32,29,21,NA,30,36,32,23,22
004,Assumption Parish,2025,post_ban,29,35,31,23,27,31,37,35,24,27
005,Avoyelles Parish,2018,pre_ban,21,27,19,19,16,21,27,20,NA,15
005,Avoyelles Parish,2019,pre_ban,24,31,24,18,17,24,32,23,NA,17
005,Avoyelles Parish,2021,pre_ban,20,30,20,17,15,20,30,19,16,14
005,Avoyelles Parish,2022,pre_ban,21,31,21,18,15,22,32,21,18,15
005,Avoyelles Parish,2023,pre_ban,22,30,21,19,16,22,31,22,19,16
005,Avoyelles Parish,2024,pre_ban,25,32,23,21,NA,25,32,24,20,15
005,Avoyelles Parish,2025,post_ban,25,35,22,21,20,24,35,24,20,18
006,Beauregard Parish,2018,pre_ban,35,42,33,31,29,35,42,33,NA,28
006,Beauregard Parish,2019,pre_ban,37,45,36,30,29,36,45,34,NA,28
006,Beauregard Parish,2021,pre_ban,31,39,29,29,26,31,42,28,29,25
006,Beauregard Parish,2022,pre_ban,31,38,32,30,25,31,40,30,30,24
006,Beauregard Parish,2023,pre_ban,33,39,35,34,25,33,40,33,34,24
006,Beauregard Parish,2024,pre_ban,35,41,34,30,NA,34,41,33,30,22
006,Beauregard Parish,2025,post_ban,31,40,30,28,26,31,41,30,28,26
007,Bienville Parish,2018,pre_ban,30,39,30,24,22,32,42,31,NA,22
007,Bienville Parish,2019,pre_ban,30,38,29,24,23,30,39,27,NA,22
007,Bienville Parish,2021,pre_ban,25,36,25,22,18,26,37,26,21,18
007,Bienville Parish,2022,pre_ban,26,37,26,20,19,27,39,29,21,19
007,Bienville Parish,2023,pre_ban,27,36,30,24,17,28,40,32,23,17
007,Bienville Parish,2024,pre_ban,33,41,33,25,NA,33,42,34,25,14
007,Bienville Parish,2025,post_ban,31,42,32,26,24,30,43,30,25,23
008,Bossier Parish,2018,pre_ban,41,48,39,36,35,42,49,39,NA,35
008,Bossier Parish,2019,pre_ban,41,49,42,36,34,43,51,42,NA,34
008,Bossier Parish,2021,pre_ban,36,45,36,32,32,38,47,38,31,32
008,Bossier Parish,2022,pre_ban,37,48,38,33,32,38,49,39,32,32
008,Bossier Parish,2023,pre_ban,38,47,39,35,33,40,49,41,35,32
008,Bossier Parish,2024,pre_ban,40,48,37,33,NA,40,50,39,32,31
008,Bossier Parish,2025,post_ban,39,47,40,34,37,40,48,41,34,36
009,Caddo Parish,2018,pre_ban,27,35,25,22,22,28,36,25,NA,23
009,Caddo Parish,2019,pre_ban,28,35,27,23,22,29,36,27,NA,23
009,Caddo Parish,2021,pre_ban,22,31,20,18,19,23,33,20,18,19
009,Caddo Parish,2022,pre_ban,23,32,23,19,19,24,34,23,19,20
009,Caddo Parish,2023,pre_ban,26,35,26,21,20,26,36,26,21,21
009,Caddo Parish,2024,pre_ban,27,35,26,22,NA,28,36,25,22,26
009,Caddo Parish,2025,post_ban,26,35,27,21,23,27,35,27,21,24
010,Calcasieu Parish,2018,pre_ban,36,45,32,33,30,36,46,33,NA,30
010,Calcasieu Parish,2019,pre_ban,38,48,36,33,31,39,49,36,NA,31
010,Calcasieu Parish,2021,pre_ban,32,43,28,29,28,32,45,28,28,28
010,Calcasieu Parish,2022,pre_ban,35,46,34,30,28,35,46,34,30,28
010,Calcasieu Parish,2023,pre_ban,37,47,36,35,30,38,47,37,34,30
010,Calcasieu Parish,2024,pre_ban,40,47,37,35,NA,39,47,38,34,31
010,Calcasieu Parish,2025,post_ban,41,48,41,35,38,40,48,41,33,37
011,Caldwell Parish,2018,pre_ban,28,37,25,27,22,28,37,24,NA,23
011,Caldwell Parish,2019,pre_ban,31,43,25,26,25,30,43,23,NA,24
011,Caldwell Parish,2021,pre_ban,22,33,15,18,20,22,34,14,18,19
011,Caldwell Parish,2022,pre_ban,24,37,20,20,20,24,37,20,19,19
011,Caldwell Parish,2023,pre_ban,23,31,21,21,18,22,30,20,21,16
011,Caldwell Parish,2024,pre_ban,22,29,17,19,NA,21,30,17,18,13
011,Caldwell Parish,2025,post_ban,24,35,21,19,21,23,35,21,19,19
012,Cameron Parish,2018,pre_ban,41,48,40,40,35,42,49,41,NA,34
012,Cameron Parish,2019,pre_ban,44,51,47,40,33,44,53,46,NA,31
012,Cameron Parish,2021,pre_ban,36,50,30,31,31,37,52,32,31,30
012,Cameron Parish,2022,pre_ban,36,51,35,32,26,39,56,37,34,25
012,Cameron Parish,2023,pre_ban,38,52,36,35,28,40,55,38,35,28
012,Cameron Parish,2024,pre_ban,41,58,36,30,NA,44,60,41,32,22
012,Cameron Parish,2025,post_ban,42,55,38,33,40,44,59,42,35,37
013,Catahoula Parish,2018,pre_ban,28,43,24,22,18,28,42,24,NA,17
013,Catahoula Parish,2019,pre_ban,28,43,23,21,18,28,42,24,NA,17
013,Catahoula Parish,2021,pre_ban,19,34,16,15,13,20,35,16,15,12
013,Catahoula Parish,2022,pre_ban,22,33,22,17,14,22,34,22,17,14
013,Catahoula Parish,2023,pre_ban,20,27,20,20,12,21,31,19,20,11
013,Catahoula Parish,2024,pre_ban,27,35,26,20,NA,25,35,23,19,11
013,Catahoula Parish,2025,post_ban,22,35,21,17,17,23,35,21,17,17
014,Claiborne Parish,2018,pre_ban,15,22,14,12,10,17,25,16,NA,10
014,Claiborne Parish,2019,pre_ban,17,24,16,12,11,18,24,17,NA,11
014,Claiborne Parish,2021,pre_ban,13,19,13,11,9,12,19,11,10,8
014,Claiborne Parish,2022,pre_ban,15,23,17,10,10,14,22,16,9,10
014,Claiborne Parish,2023,pre_ban,14,20,15,10,12,14,19,14,10,12
014,Claiborne Parish,2024,pre_ban,15,20,14,10,NA,14,20,13,10,12
014,Claiborne Parish,2025,post_ban,15,20,14,11,13,14,20,14,10,12
015,Concordia Parish,2018,pre_ban,26,34,23,21,20,26,34,22,NA,20
015,Concordia Parish,2019,pre_ban,26,31,28,19,18,25,31,24,NA,19
015,Concordia Parish,2021,pre_ban,18,26,17,16,13,18,26,18,16,12
015,Concordia Parish,2022,pre_ban,21,28,22,18,14,21,29,21,18,14
015,Concordia Parish,2023,pre_ban,25,33,26,22,17,24,32,24,21,17
015,Concordia Parish,2024,pre_ban,27,33,25,23,NA,25,32,24,21,12
015,Concordia Parish,2025,post_ban,26,34,25,24,22,25,32,26,23,21
016,Desoto Parish,2018,pre_ban,38,47,33,38,35,40,49,35,NA,34
016,Desoto Parish,2019,pre_ban,43,52,38,37,39,44,53,39,NA,37
016,Desoto Parish,2021,pre_ban,36,47,28,33,35,36,47,32,32,32
016,Desoto Parish,2022,pre_ban,37,50,32,33,32,38,50,37,32,31
016,Desoto Parish,2023,pre_ban,38,51,33,35,33,40,52,41,35,31
016,Desoto Parish,2024,pre_ban,41,50,36,35,NA,42,51,42,35,23
016,Desoto Parish,2025,post_ban,41,52,40,35,37,42,52,44,34,36
017,East Baton Rouge Parish,2018,pre_ban,30,38,27,24,24,30,38,27,NA,24
017,East Baton Rouge Parish,2019,pre_ban,32,40,31,24,26,32,39,30,NA,26
017,East Baton Rouge Parish,2021,pre_ban,24,34,20,20,21,24,34,20,19,21
017,East Baton Rouge Parish,2022,pre_ban,25,36,23,21,21,25,36,22,21,22
017,East Baton Rouge Parish,2023,pre_ban,26,37,25,22,21,27,37,24,22,22
017,East Baton Rouge Parish,2024,pre_ban,29,39,26,24,NA,29,38,24,23,22
017,East Baton Rouge Parish,2025,post_ban,28,37,27,23,25,28,37,27,23,25
017+RBR,East Baton Rouge Parish - Ebr And Rsd,2018,pre_ban,29,37,26,23,23,29,37,26,NA,23
017+RBR,East Baton Rouge Parish - Ebr And Rsd,2019,pre_ban,31,39,30,23,25,31,38,29,NA,25
018,East Carroll Parish,2018,pre_ban,18,26,14,2,16,19,29,15,NA,14
018,East Carroll Parish,2019,pre_ban,10,16,9,2,4,10,17,9,NA,4
018,East Carroll Parish,2021,pre_ban,NA,9,NA,NA,NA,NA,9,NA,NA,NA
018,East Carroll Parish,2022,pre_ban,5,11,5,NA,NA,5,12,6,NA,NA
018,East Carroll Parish,2023,pre_ban,8,17,11,NA,NA,9,17,12,NA,NA
018,East Carroll Parish,2024,pre_ban,6,7,9,NA,NA,9,10,12,NA,26
018,East Carroll Parish,2025,post_ban,8,14,11,NA,NA,13,16,15,7,11
019,East Feliciana Parish,2018,pre_ban,23,32,20,20,19,26,34,22,NA,21
019,East Feliciana Parish,2019,pre_ban,27,36,24,21,22,29,37,27,NA,24
019,East Feliciana Parish,2021,pre_ban,19,28,16,16,16,21,29,19,17,18
019,East Feliciana Parish,2022,pre_ban,24,34,26,18,17,25,34,28,19,18
019,East Feliciana Parish,2023,pre_ban,24,34,24,21,17,26,36,28,21,17
019,East Feliciana Parish,2024,pre_ban,25,33,22,21,NA,28,36,27,23,21
019,East Feliciana Parish,2025,post_ban,24,33,23,19,21,27,37,27,21,23
020,Evangeline Parish,2018,pre_ban,33,41,35,25,22,34,42,36,NA,22
020,Evangeline Parish,2019,pre_ban,34,43,35,25,23,36,44,38,NA,23
020,Evangeline Parish,2021,pre_ban,22,34,21,18,16,23,35,22,18,16
020,Evangeline Parish,2022,pre_ban,23,34,24,19,17,24,35,25,19,18
020,Evangeline Parish,2023,pre_ban,28,41,28,22,20,28,40,29,22,20
020,Evangeline Parish,2024,pre_ban,30,40,27,24,NA,30,39,28,23,19
020,Evangeline Parish,2025,post_ban,28,41,28,22,22,28,39,29,22,21
021,Franklin Parish,2018,pre_ban,24,31,27,13,15,24,29,26,NA,14
021,Franklin Parish,2019,pre_ban,23,28,26,14,15,23,27,26,NA,14
021,Franklin Parish,2021,pre_ban,13,21,12,11,10,14,21,12,10,10
021,Franklin Parish,2022,pre_ban,16,24,15,13,13,17,26,15,13,13
021,Franklin Parish,2023,pre_ban,14,22,13,11,11,15,23,13,11,12
021,Franklin Parish,2024,pre_ban,16,23,14,13,NA,17,23,13,12,20
021,Franklin Parish,2025,post_ban,16,22,15,12,15,16,23,15,12,14
022,Grant Parish,2018,pre_ban,34,43,34,30,24,34,41,33,NA,25
022,Grant Parish,2019,pre_ban,35,44,34,29,28,36,44,35,NA,28
022,Grant Parish,2021,pre_ban,25,31,25,24,21,28,34,27,25,23
022,Grant Parish,2022,pre_ban,29,38,32,24,23,30,39,32,25,24
022,Grant Parish,2023,pre_ban,30,39,30,27,22,31,40,30,27,24
022,Grant Parish,2024,pre_ban,29,33,29,24,NA,30,35,31,25,27
022,Grant Parish,2025,post_ban,28,36,29,23,24,27,36,28,21,23
023,Iberia Parish,2018,pre_ban,38,47,40,27,28,39,47,40,NA,29
023,Iberia Parish,2019,pre_ban,39,47,42,28,27,39,47,41,NA,28
023,Iberia Parish,2021,pre_ban,31,42,31,25,25,31,43,32,24,25
023,Iberia Parish,2022,pre_ban,33,46,34,26,24,34,47,35,26,25
023,Iberia Parish,2023,pre_ban,33,46,34,27,25,34,47,36,27,25
023,Iberia Parish,2024,pre_ban,36,46,35,27,NA,37,47,37,28,31
023,Iberia Parish,2025,post_ban,34,44,36,26,30,35,45,37,27,30
024,Iberville Parish,2018,pre_ban,30,38,29,21,22,30,39,29,NA,22
024,Iberville Parish,2019,pre_ban,30,38,31,20,20,30,39,30,NA,20
024,Iberville Parish,2021,pre_ban,24,35,22,19,19,24,35,21,18,20
024,Iberville Parish,2022,pre_ban,26,38,26,22,19,25,36,24,20,20
024,Iberville Parish,2023,pre_ban,28,39,29,23,20,27,38,27,22,20
024,Iberville Parish,2024,pre_ban,31,41,27,24,NA,29,38,25,22,20
024,Iberville Parish,2025,post_ban,28,37,27,24,23,27,35,26,23,22
025,Jackson Parish,2018,pre_ban,21,31,16,16,16,21,31,16,NA,17
025,Jackson Parish,2019,pre_ban,22,30,22,15,15,22,30,21,NA,15
025,Jackson Parish,2021,pre_ban,22,32,24,18,17,22,30,23,17,17
025,Jackson Parish,2022,pre_ban,23,34,23,16,18,23,33,24,16,17
025,Jackson Parish,2023,pre_ban,24,32,26,21,17,24,33,26,20,17
025,Jackson Parish,2024,pre_ban,25,31,25,20,NA,26,32,25,20,23
025,Jackson Parish,2025,post_ban,26,33,29,21,23,27,35,31,20,22
026,Jefferson Parish,2018,pre_ban,31,38,30,28,24,31,39,30,NA,25
026,Jefferson Parish,2019,pre_ban,32,38,31,28,26,32,38,30,NA,26
026,Jefferson Parish,2021,pre_ban,26,34,22,25,23,26,34,23,25,24
026,Jefferson Parish,2022,pre_ban,28,38,26,26,24,29,38,26,26,24
026,Jefferson Parish,2023,pre_ban,28,37,25,25,23,28,38,26,25,23
026,Jefferson Parish,2024,pre_ban,29,37,25,24,NA,29,37,26,24,26
026,Jefferson Parish,2025,post_ban,30,37,27,26,28,30,37,28,26,28
027,Jefferson Davis Parish,2018,pre_ban,35,41,35,31,29,36,43,36,NA,28
027,Jefferson Davis Parish,2019,pre_ban,37,44,37,32,30,37,45,36,NA,28
027,Jefferson Davis Parish,2021,pre_ban,32,41,31,30,26,32,42,30,29,25
027,Jefferson Davis Parish,2022,pre_ban,35,42,37,33,28,35,43,37,32,28
027,Jefferson Davis Parish,2023,pre_ban,34,38,38,31,28,35,40,38,31,27
027,Jefferson Davis Parish,2024,pre_ban,35,39,37,29,NA,35,40,36,29,23
027,Jefferson Davis Parish,2025,post_ban,35,39,39,30,33,34,40,37,30,30
028,Lafayette Parish,2018,pre_ban,37,43,39,33,28,38,43,40,NA,30
028,Lafayette Parish,2019,pre_ban,39,46,42,32,29,40,46,42,NA,30
028,Lafayette Parish,2021,pre_ban,35,46,37,29,28,36,47,37,29,28
028,Lafayette Parish,2022,pre_ban,39,49,41,32,31,39,48,43,31,31
028,Lafayette Parish,2023,pre_ban,40,50,44,34,32,41,50,46,34,32
028,Lafayette Parish,2024,pre_ban,42,49,43,35,NA,43,51,44,35,35
028,Lafayette Parish,2025,post_ban,42,49,44,36,38,42,50,44,35,37
029,Lafourche Parish,2018,pre_ban,43,56,38,36,36,45,57,40,NA,37
029,Lafourche Parish,2019,pre_ban,44,56,40,37,37,47,57,44,NA,38
029,Lafourche Parish,2021,pre_ban,35,49,30,31,30,36,50,32,31,31
029,Lafourche Parish,2022,pre_ban,38,53,34,34,31,40,54,37,33,33
029,Lafourche Parish,2023,pre_ban,39,52,36,36,33,41,54,39,36,34
029,Lafourche Parish,2024,pre_ban,44,55,41,36,NA,44,54,41,36,40
029,Lafourche Parish,2025,post_ban,43,51,45,36,41,42,52,42,35,38
030,Lasalle Parish,2018,pre_ban,39,48,38,33,32,35,42,34,NA,30
030,Lasalle Parish,2019,pre_ban,42,51,44,31,30,40,48,41,NA,30
030,Lasalle Parish,2021,pre_ban,35,46,34,28,31,34,45,31,28,31
030,Lasalle Parish,2022,pre_ban,36,50,36,32,26,35,48,33,30,26
030,Lasalle Parish,2023,pre_ban,38,47,41,33,32,37,46,37,31,31
030,Lasalle Parish,2024,pre_ban,42,50,40,37,NA,40,48,38,35,26
030,Lasalle Parish,2025,post_ban,41,56,38,33,37,39,54,36,31,34
031,Lincoln Parish,2018,pre_ban,34,41,34,29,27,37,44,38,NA,27
031,Lincoln Parish,2019,pre_ban,37,44,38,29,30,39,45,40,NA,30
031,Lincoln Parish,2021,pre_ban,31,41,30,25,28,34,44,33,26,29
031,Lincoln Parish,2022,pre_ban,35,43,34,31,34,37,47,36,31,34
031,Lincoln Parish,2023,pre_ban,41,50,42,37,37,43,53,44,37,37
031,Lincoln Parish,2024,pre_ban,41,48,40,36,NA,43,50,42,36,36
031,Lincoln Parish,2025,post_ban,41,48,42,35,41,42,50,43,35,40
032,Livingston Parish,2018,pre_ban,43,55,40,41,35,45,56,42,NA,36
032,Livingston Parish,2019,pre_ban,47,58,44,41,40,48,58,45,NA,40
032,Livingston Parish,2021,pre_ban,42,52,38,40,37,42,53,39,39,37
032,Livingston Parish,2022,pre_ban,40,52,37,38,33,41,53,39,37,34
032,Livingston Parish,2023,pre_ban,40,52,36,37,34,41,53,39,37,34
032,Livingston Parish,2024,pre_ban,42,53,36,37,NA,43,53,38,37,35
032,Livingston Parish,2025,post_ban,42,52,39,37,39,42,53,40,37,39
033,Madison Parish,2018,pre_ban,8,14,5,4,5,9,16,5,NA,5
033,Madison Parish,2019,pre_ban,11,16,13,5,4,11,16,11,NA,5
033,Madison Parish,2021,pre_ban,NA,8,NA,NA,NA,NA,9,NA,NA,NA
033,Madison Parish,2022,pre_ban,5,10,5,NA,NA,6,13,5,NA,NA
033,Madison Parish,2023,pre_ban,6,12,NA,5,NA,7,14,NA,5,5
033,Madison Parish,2024,pre_ban,5,11,NA,NA,NA,6,12,NA,NA,6
033,Madison Parish,2025,post_ban,6,13,NA,5,NA,7,14,5,NA,5
034,Morehouse Parish,2018,pre_ban,17,23,15,12,12,17,24,14,NA,12
034,Morehouse Parish,2019,pre_ban,16,23,14,12,12,16,23,13,NA,11
034,Morehouse Parish,2021,pre_ban,10,17,8,7,8,11,18,8,8,8
034,Morehouse Parish,2022,pre_ban,12,19,11,9,10,12,19,11,9,9
034,Morehouse Parish,2023,pre_ban,13,19,14,11,9,14,19,14,11,9
034,Morehouse Parish,2024,pre_ban,15,20,11,12,NA,15,21,12,11,8
034,Morehouse Parish,2025,post_ban,16,23,13,14,13,15,23,13,13,12
035,Natchitoches Parish,2018,pre_ban,30,39,27,26,24,31,39,29,NA,25
035,Natchitoches Parish,2019,pre_ban,30,37,29,26,24,31,38,30,NA,24
035,Natchitoches Parish,2021,pre_ban,27,37,27,20,22,27,36,27,21,22
035,Natchitoches Parish,2022,pre_ban,30,40,30,25,24,31,39,32,24,25
035,Natchitoches Parish,2023,pre_ban,33,44,32,30,26,34,44,34,30,26
035,Natchitoches Parish,2024,pre_ban,36,46,32,31,NA,36,45,32,30,33
035,Natchitoches Parish,2025,post_ban,39,44,36,36,40,38,43,38,34,37
037,Ouachita Parish,2018,pre_ban,38,48,34,33,32,38,48,35,NA,31
037,Ouachita Parish,2019,pre_ban,39,49,36,33,30,39,48,37,NA,30
037,Ouachita Parish,2021,pre_ban,34,46,28,32,30,34,45,29,30,29
037,Ouachita Parish,2022,pre_ban,35,46,31,33,30,35,46,32,32,29
037,Ouachita Parish,2023,pre_ban,37,46,33,35,33,37,46,35,33,32
037,Ouachita Parish,2024,pre_ban,37,45,33,34,NA,38,45,35,33,27
037,Ouachita Parish,2025,post_ban,37,46,34,33,36,37,46,35,33,34
038,Plaquemines Parish,2018,pre_ban,45,51,44,43,41,47,53,46,NA,40
038,Plaquemines Parish,2019,pre_ban,47,53,46,43,41,48,55,48,NA,41
038,Plaquemines Parish,2021,pre_ban,38,46,37,32,36,39,48,39,32,36
038,Plaquemines Parish,2022,pre_ban,42,54,41,36,36,42,54,41,36,36
038,Plaquemines Parish,2023,pre_ban,44,53,48,39,37,45,55,48,39,38
038,Plaquemines Parish,2024,pre_ban,49,56,49,41,NA,50,58,51,41,48
038,Plaquemines Parish,2025,post_ban,49,53,50,44,48,49,53,50,44,49
039,Pointe Coupee Parish,2018,pre_ban,25,31,24,19,19,26,34,24,NA,19
039,Pointe Coupee Parish,2019,pre_ban,23,31,25,19,15,25,32,26,NA,15
039,Pointe Coupee Parish,2021,pre_ban,20,27,20,20,13,21,29,19,20,14
039,Pointe Coupee Parish,2022,pre_ban,20,32,20,17,11,20,31,20,16,12
039,Pointe Coupee Parish,2023,pre_ban,21,31,21,17,14,21,31,20,17,14
039,Pointe Coupee Parish,2024,pre_ban,23,31,20,18,NA,24,33,22,17,14
039,Pointe Coupee Parish,2025,post_ban,23,33,23,17,21,25,34,26,17,20
040,Rapides Parish,2018,pre_ban,33,41,32,27,25,34,43,32,NA,26
040,Rapides Parish,2019,pre_ban,35,45,33,27,28,36,45,34,NA,28
040,Rapides Parish,2021,pre_ban,31,43,27,26,27,31,43,29,25,26
040,Rapides Parish,2022,pre_ban,33,45,31,29,29,33,44,31,29,28
040,Rapides Parish,2023,pre_ban,36,47,33,33,30,36,45,34,32,30
040,Rapides Parish,2024,pre_ban,36,46,32,31,NA,36,46,34,30,27
040,Rapides Parish,2025,post_ban,38,49,36,32,36,38,49,37,31,34
041,Red River Parish,2018,pre_ban,20,28,18,13,15,20,27,17,NA,15
041,Red River Parish,2019,pre_ban,18,21,18,12,16,18,20,18,NA,16
041,Red River Parish,2021,pre_ban,15,23,16,11,12,15,24,14,11,11
041,Red River Parish,2022,pre_ban,17,24,18,15,12,17,24,19,13,11
041,Red River Parish,2023,pre_ban,18,26,20,13,11,18,25,21,13,10
041,Red River Parish,2024,pre_ban,19,22,18,16,NA,21,25,21,15,16
041,Red River Parish,2025,post_ban,21,27,24,19,14,21,29,21,19,13
042,Richland Parish,2018,pre_ban,21,28,20,18,16,22,29,21,NA,15
042,Richland Parish,2019,pre_ban,21,26,20,18,17,21,26,19,NA,16
042,Richland Parish,2021,pre_ban,15,22,11,13,13,15,22,11,12,13
042,Richland Parish,2022,pre_ban,15,24,13,13,13,16,23,14,12,12
042,Richland Parish,2023,pre_ban,19,27,19,16,16,19,27,17,16,16
042,Richland Parish,2024,pre_ban,22,27,20,20,NA,21,26,20,19,8
042,Richland Parish,2025,post_ban,22,30,20,18,19,21,29,19,17,17
043,Sabine Parish,2018,pre_ban,34,44,31,24,26,35,44,34,NA,27
043,Sabine Parish,2019,pre_ban,33,43,33,24,23,36,45,36,NA,24
043,Sabine Parish,2021,pre_ban,27,38,25,24,23,29,39,28,24,24
043,Sabine Parish,2022,pre_ban,28,40,27,23,23,30,41,31,24,23
043,Sabine Parish,2023,pre_ban,29,42,30,25,20,31,42,33,26,22
043,Sabine Parish,2024,pre_ban,32,41,31,23,NA,33,43,34,24,26
043,Sabine Parish,2025,post_ban,31,41,32,26,27,32,41,33,26,27
044,St. Bernard Parish,2018,pre_ban,37,45,39,30,27,38,45,38,NA,28
044,St. Bernard Parish,2019,pre_ban,37,45,41,30,27,38,44,41,NA,28
044,St. Bernard Parish,2021,pre_ban,34,44,36,28,28,34,44,35,28,27
044,St. Bernard Parish,2022,pre_ban,35,45,36,29,29,35,44,36,29,29
044,St. Bernard Parish,2023,pre_ban,34,47,34,27,28,35,46,36,26,28
044,St. Bernard Parish,2024,pre_ban,36,46,33,28,NA,35,45,34,28,22
044,St. Bernard Parish,2025,post_ban,35,45,35,28,32,34,43,35,27,31
045,St. Charles Parish,2018,pre_ban,50,61,49,42,40,48,57,47,NA,40
045,St. Charles Parish,2019,pre_ban,47,54,47,42,40,48,55,47,NA,40
045,St. Charles Parish,2021,pre_ban,43,51,40,41,38,42,51,41,39,37
045,St. Charles Parish,2022,pre_ban,42,51,43,40,36,43,51,44,40,36
045,St. Charles Parish,2023,pre_ban,41,45,45,39,35,42,48,47,39,35
045,St. Charles Parish,2024,pre_ban,45,48,47,40,NA,46,49,48,41,36
045,St. Charles Parish,2025,post_ban,42,49,48,36,38,43,49,49,36,38
046,St. Helena Parish,2018,pre_ban,5,8,3,4,4,6,10,3,NA,4
046,St. Helena Parish,2019,pre_ban,7,13,5,5,2,7,13,6,NA,2
046,St. Helena Parish,2021,pre_ban,5,9,NA,NA,NA,5,10,NA,NA,NA
046,St. Helena Parish,2022,pre_ban,7,15,NA,5,5,7,13,NA,NA,5
046,St. Helena Parish,2023,pre_ban,8,15,6,7,6,8,13,6,6,5
046,St. Helena Parish,2024,pre_ban,11,19,7,8,NA,9,15,5,7,NA
046,St. Helena Parish,2025,post_ban,9,17,7,6,5,9,16,6,6,8
047,St. James Parish,2018,pre_ban,40,49,43,31,29,41,48,44,NA,29
047,St. James Parish,2019,pre_ban,41,51,43,30,29,41,51,43,NA,28
047,St. James Parish,2021,pre_ban,30,41,30,25,24,31,41,30,26,23
047,St. James Parish,2022,pre_ban,32,46,33,26,24,33,45,36,24,24
047,St. James Parish,2023,pre_ban,33,47,35,26,25,35,48,40,26,24
047,St. James Parish,2024,pre_ban,33,42,32,26,NA,36,45,37,26,21
047,St. James Parish,2025,post_ban,30,41,32,24,23,32,42,35,27,24
048,St. John The Baptist Parish,2018,pre_ban,27,36,24,18,19,25,34,23,NA,19
048,St. John The Baptist Parish,2019,pre_ban,24,33,22,17,17,24,32,23,NA,16
048,St. John The Baptist Parish,2021,pre_ban,14,24,11,11,11,15,25,11,11,11
048,St. John The Baptist Parish,2022,pre_ban,17,28,14,12,12,16,27,14,11,12
048,St. John The Baptist Parish,2023,pre_ban,19,27,20,14,16,19,28,20,14,15
048,St. John The Baptist Parish,2024,pre_ban,21,27,20,16,NA,20,28,19,15,10
048,St. John The Baptist Parish,2025,post_ban,24,34,26,17,20,22,32,23,15,19
049,St. Landry Parish,2018,pre_ban,27,37,27,23,18,28,36,28,NA,19
049,St. Landry Parish,2019,pre_ban,30,38,31,22,20,30,38,32,NA,20
049,St. Landry Parish,2021,pre_ban,21,32,19,17,16,22,33,20,16,16
049,St. Landry Parish,2022,pre_ban,23,36,22,18,15,23,36,23,17,15
049,St. Landry Parish,2023,pre_ban,24,36,24,19,16,25,37,25,19,16
049,St. Landry Parish,2024,pre_ban,27,38,23,20,NA,27,38,23,20,16
049,St. Landry Parish,2025,post_ban,26,38,25,21,22,25,38,25,20,18
050,St. Martin Parish,2018,pre_ban,31,39,35,22,20,32,39,34,NA,20
050,St. Martin Parish,2019,pre_ban,30,37,35,22,19,31,39,35,NA,20
050,St. Martin Parish,2021,pre_ban,22,31,22,19,17,22,31,22,19,17
050,St. Martin Parish,2022,pre_ban,23,32,23,20,16,24,34,23,19,16
050,St. Martin Parish,2023,pre_ban,25,37,26,21,17,26,38,26,21,18
050,St. Martin Parish,2024,pre_ban,29,41,26,22,NA,29,41,26,21,22
050,St. Martin Parish,2025,post_ban,25,36,25,20,20,25,36,23,19,20
051,St. Mary Parish,2018,pre_ban,36,45,33,32,29,36,45,33,NA,29
051,St. Mary Parish,2019,pre_ban,36,44,34,31,28,36,43,34,NA,28
051,St. Mary Parish,2021,pre_ban,28,38,25,24,25,28,38,26,23,24
051,St. Mary Parish,2022,pre_ban,29,37,30,24,23,28,37,29,24,22
051,St. Mary Parish,2023,pre_ban,29,36,29,26,24,29,37,30,25,23
051,St. Mary Parish,2024,pre_ban,31,38,31,25,NA,31,38,30,24,20
051,St. Mary Parish,2025,post_ban,29,37,31,23,26,29,38,30,24,24
052,St. Tammany Parish,2018,pre_ban,45,55,42,42,39,46,56,43,NA,39
052,St. Tammany Parish,2019,pre_ban,47,57,45,41,40,47,56,45,NA,40
052,St. Tammany Parish,2021,pre_ban,43,56,40,38,38,43,55,39,37,38
052,St. Tammany Parish,2022,pre_ban,42,54,42,37,36,42,54,40,37,36
052,St. Tammany Parish,2023,pre_ban,45,56,44,41,37,45,55,44,41,37
052,St. Tammany Parish,2024,pre_ban,46,57,42,39,NA,46,56,43,39,40
052,St. Tammany Parish,2025,post_ban,44,54,42,38,42,44,54,43,38,41
053,Tangipahoa Parish,2018,pre_ban,25,33,21,20,20,25,34,21,NA,20
053,Tangipahoa Parish,2019,pre_ban,25,33,22,20,20,25,33,21,NA,20
053,Tangipahoa Parish,2021,pre_ban,20,28,17,16,18,20,29,17,16,17
053,Tangipahoa Parish,2022,pre_ban,21,32,18,17,17,22,33,19,17,17
053,Tangipahoa Parish,2023,pre_ban,20,27,18,17,17,21,29,19,18,17
053,Tangipahoa Parish,2024,pre_ban,20,26,18,16,NA,21,28,19,16,16
053,Tangipahoa Parish,2025,post_ban,22,29,21,17,21,22,30,22,17,20
054,Tensas Parish,2018,pre_ban,8,14,7,4,3,8,13,6,NA,2
054,Tensas Parish,2019,pre_ban,11,17,11,4,4,11,19,8,NA,4
054,Tensas Parish,2021,pre_ban,10,16,12,8,5,9,15,9,8,NA
054,Tensas Parish,2022,pre_ban,9,15,8,10,NA,9,15,7,8,NA
054,Tensas Parish,2023,pre_ban,12,18,19,7,NA,11,18,14,6,NA
054,Tensas Parish,2024,pre_ban,18,28,18,9,NA,16,24,15,9,NA
054,Tensas Parish,2025,post_ban,17,23,19,11,14,16,23,18,11,13
055,Terrebonne Parish,2018,pre_ban,38,49,36,30,29,40,50,38,NA,29
055,Terrebonne Parish,2019,pre_ban,39,50,39,30,29,41,52,40,NA,29
055,Terrebonne Parish,2021,pre_ban,34,48,31,28,28,34,47,30,28,29
055,Terrebonne Parish,2022,pre_ban,36,51,34,30,29,36,50,34,30,29
055,Terrebonne Parish,2023,pre_ban,37,53,34,32,31,38,53,36,32,30
055,Terrebonne Parish,2024,pre_ban,41,55,36,31,NA,41,54,38,30,28
055,Terrebonne Parish,2025,post_ban,39,50,39,33,36,39,50,38,31,34
056,Union Parish,2018,pre_ban,20,26,20,13,13,21,28,22,NA,14
056,Union Parish,2019,pre_ban,17,23,15,13,12,19,24,19,NA,14
056,Union Parish,2021,pre_ban,13,20,9,11,11,13,20,10,10,11
056,Union Parish,2022,pre_ban,16,23,16,13,11,16,24,16,12,11
056,Union Parish,2023,pre_ban,16,20,16,14,14,17,22,17,15,14
056,Union Parish,2024,pre_ban,14,17,13,11,NA,16,20,17,11,16
056,Union Parish,2025,post_ban,14,21,14,10,9,16,24,18,11,11
057,Vermilion Parish,2018,pre_ban,43,53,41,37,35,46,56,44,NA,36
057,Vermilion Parish,2019,pre_ban,47,56,48,38,37,49,59,49,NA,38
057,Vermilion Parish,2021,pre_ban,39,53,39,32,30,40,54,40,32,31
057,Vermilion Parish,2022,pre_ban,40,56,43,32,31,41,55,43,33,32
057,Vermilion Parish,2023,pre_ban,42,56,46,33,32,43,56,44,33,34
057,Vermilion Parish,2024,pre_ban,45,57,44,33,NA,45,56,44,33,47
057,Vermilion Parish,2025,post_ban,43,55,47,33,38,43,55,46,33,37
058,Vernon Parish,2018,pre_ban,43,51,41,36,36,44,53,42,NA,35
058,Vernon Parish,2019,pre_ban,45,56,45,36,35,46,55,46,NA,35
058,Vernon Parish,2021,pre_ban,35,50,31,31,28,36,50,33,30,28
058,Vernon Parish,2022,pre_ban,37,52,34,34,28,38,52,36,34,28
058,Vernon Parish,2023,pre_ban,36,50,35,33,28,38,52,37,34,29
058,Vernon Parish,2024,pre_ban,38,50,33,33,NA,40,52,35,33,28
058,Vernon Parish,2025,post_ban,37,51,35,31,31,38,51,38,32,31
059,Washington Parish,2018,pre_ban,27,36,25,23,20,29,38,26,NA,21
059,Washington Parish,2019,pre_ban,30,39,30,23,21,31,40,29,NA,22
059,Washington Parish,2021,pre_ban,28,40,27,23,21,28,41,26,23,22
059,Washington Parish,2022,pre_ban,27,41,24,22,21,28,41,26,22,21
059,Washington Parish,2023,pre_ban,28,43,24,24,20,29,44,27,24,20
059,Washington Parish,2024,pre_ban,28,40,23,20,NA,29,40,27,20,23
059,Washington Parish,2025,post_ban,25,38,24,19,20,27,40,28,19,20
060,Webster Parish,2018,pre_ban,25,35,22,20,17,25,35,23,NA,17
060,Webster Parish,2019,pre_ban,26,36,22,20,19,26,36,23,NA,19
060,Webster Parish,2021,pre_ban,17,24,15,14,14,18,26,15,14,14
060,Webster Parish,2022,pre_ban,21,30,19,18,17,21,31,19,17,17
060,Webster Parish,2023,pre_ban,21,30,19,19,16,22,33,21,18,16
060,Webster Parish,2024,pre_ban,24,32,23,18,NA,25,34,23,19,20
060,Webster Parish,2025,post_ban,24,31,23,20,21,24,32,24,19,20
061,West Baton Rouge Parish,2018,pre_ban,32,42,27,27,25,33,43,29,NA,27
061,West Baton Rouge Parish,2019,pre_ban,33,44,29,27,28,35,44,31,NA,27
061,West Baton Rouge Parish,2021,pre_ban,28,41,25,24,22,30,41,29,24,23
061,West Baton Rouge Parish,2022,pre_ban,30,41,28,27,22,30,41,31,26,22
061,West Baton Rouge Parish,2023,pre_ban,33,45,33,29,26,34,43,35,29,26
061,West Baton Rouge Parish,2024,pre_ban,37,47,32,33,NA,37,45,35,32,29
061,West Baton Rouge Parish,2025,post_ban,40,46,34,35,46,39,45,36,33,42
062,West Carroll Parish,2018,pre_ban,28,34,27,26,24,30,36,28,NA,24
062,West Carroll Parish,2019,pre_ban,31,38,32,25,24,32,39,31,NA,23
062,West Carroll Parish,2021,pre_ban,26,35,26,25,20,27,34,27,25,20
062,West Carroll Parish,2022,pre_ban,30,38,34,27,22,31,39,34,25,22
062,West Carroll Parish,2023,pre_ban,30,38,34,27,21,31,41,35,27,21
062,West Carroll Parish,2024,pre_ban,33,39,35,26,NA,34,40,35,26,24
062,West Carroll Parish,2025,post_ban,28,34,33,22,22,28,36,34,23,20
063,West Feliciana Parish,2018,pre_ban,47,53,46,48,42,48,54,47,NA,41
063,West Feliciana Parish,2019,pre_ban,49,53,49,47,45,50,55,48,NA,45
063,West Feliciana Parish,2021,pre_ban,46,53,45,42,44,47,54,46,42,43
063,West Feliciana Parish,2022,pre_ban,45,52,46,43,41,46,53,47,42,42
063,West Feliciana Parish,2023,pre_ban,49,55,48,49,42,50,56,50,48,43
063,West Feliciana Parish,2024,pre_ban,50,54,48,47,NA,51,56,49,46,45
063,West Feliciana Parish,2025,post_ban,50,56,50,46,50,51,58,51,46,50
064,Winn Parish,2018,pre_ban,31,38,32,22,24,32,39,32,NA,24
064,Winn Parish,2019,pre_ban,29,38,28,22,22,30,38,28,NA,22
064,Winn Parish,2021,pre_ban,19,28,15,17,15,21,30,19,17,15
064,Winn Parish,2022,pre_ban,22,33,17,18,19,24,35,19,20,20
064,Winn Parish,2023,pre_ban,21,28,21,18,18,23,31,23,18,18
064,Winn Parish,2024,pre_ban,25,33,22,20,NA,26,34,24,20,14
064,Winn Parish,2025,post_ban,23,30,20,19,22,24,33,24,19,21
065,City Of Monroe School District,2018,pre_ban,24,32,23,20,19,25,33,23,NA,19
065,City Of Monroe School District,2019,pre_ban,27,34,26,19,21,28,35,27,NA,20
065,City Of Monroe School District,2021,pre_ban,20,30,18,15,17,21,31,18,15,17
065,City Of Monroe School District,2022,pre_ban,20,28,20,16,15,20,29,19,16,15
065,City Of Monroe School District,2023,pre_ban,21,29,23,17,16,22,30,22,16,16
065,City Of Monroe School District,2024,pre_ban,22,29,22,16,NA,22,29,22,15,18
065,City Of Monroe School District,2025,post_ban,23,33,25,17,19,24,33,26,16,19
066,City Of Bogalusa School District,2018,pre_ban,11,17,9,6,6,11,17,9,NA,7
066,City Of Bogalusa School District,2019,pre_ban,12,19,9,7,7,12,19,8,NA,7
066,City Of Bogalusa School District,2021,pre_ban,7,14,NA,6,6,7,13,NA,5,5
066,City Of Bogalusa School District,2022,pre_ban,10,18,8,7,6,10,18,8,7,6
066,City Of Bogalusa School District,2023,pre_ban,13,24,14,8,6,13,23,13,9,7
066,City Of Bogalusa School District,2024,pre_ban,14,21,13,7,NA,14,22,12,6,18
066,City Of Bogalusa School District,2025,post_ban,14,22,15,9,12,13,21,12,8,12
067,Zachary Community School District,2018,pre_ban,55,63,51,48,50,56,64,52,NA,51
067,Zachary Community School District,2019,pre_ban,57,65,56,49,51,58,65,55,NA,52
067,Zachary Community School District,2021,pre_ban,47,59,44,41,43,48,60,45,41,44
067,Zachary Community School District,2022,pre_ban,50,64,49,42,46,51,63,49,42,47
067,Zachary Community School District,2023,pre_ban,49,62,47,43,44,49,60,46,43,45
067,Zachary Community School District,2024,pre_ban,48,60,45,40,NA,48,59,45,39,50
067,Zachary Community School District,2025,post_ban,49,58,47,41,49,48,58,47,40,47
068,City Of Baker School District,2018,pre_ban,16,22,14,11,11,15,20,15,NA,10
068,City Of Baker School District,2019,pre_ban,13,18,9,10,10,13,19,10,NA,9
068,City Of Baker School District,2021,pre_ban,8,16,NA,6,7,8,15,NA,6,5
068,City Of Baker School District,2022,pre_ban,7,13,6,5,NA,7,12,6,NA,NA
068,City Of Baker School District,2023,pre_ban,10,17,8,8,7,8,13,6,7,7
068,City Of Baker School District,2024,pre_ban,9,14,8,NA,NA,10,16,7,5,9
068,City Of Baker School District,2025,post_ban,8,14,8,6,6,9,16,8,6,6
069,Central Community School District,2018,pre_ban,49,57,45,49,43,50,58,47,NA,45
069,Central Community School District,2019,pre_ban,54,61,55,47,45,54,61,54,NA,46
069,Central Community School District,2021,pre_ban,47,54,48,45,41,48,56,49,44,41
069,Central Community School District,2022,pre_ban,48,54,51,45,43,48,55,52,44,42
069,Central Community School District,2023,pre_ban,49,57,52,48,40,50,57,53,47,40
069,Central Community School District,2024,pre_ban,51,54,51,47,NA,50,53,53,46,43
069,Central Community School District,2025,post_ban,49,53,51,45,48,49,53,52,45,47
LA,Louisiana Statewide,2021,pre_ban,29,39,27,25,25,30,40,27,25,25
LA,Louisiana Statewide,2022,pre_ban,31,42,30,27,25,31,42,30,27,26
LA,Louisiana Statewide,2023,pre_ban,32,42,31,28,26,33,43,32,28,26
LA,Louisiana Statewide,2024,pre_ban,34,43,31,28,NA,35,43,32,28,29
LA,Louisiana Statewide,2025,post_ban,34,43,33,29,31,34,43,34,28,31
R17,East Baton Rouge Parish - Ebr And Rsd,2021,pre_ban,22,32,19,19,20,23,33,20,19,20
R17,East Baton Rouge Parish - Ebr And Rsd,2022,pre_ban,24,35,22,20,20,24,35,21,20,21
R17,East Baton Rouge Parish - Ebr And Rsd,2023,pre_ban,26,36,24,21,21,26,36,23,22,21
R17,East Baton Rouge Parish - Ebr And Rsd,2024,pre_ban,29,38,25,23,NA,28,38,24,23,22
R17,East Baton Rouge Parish - Ebr And Rsd,2025,post_ban,28,36,27,23,24,28,36,26,23,24
R36,Orleans Parish,2018,pre_ban,26,33,24,19,21,27,34,25,NA,21
R36,Orleans Parish,2019,pre_ban,26,32,24,19,21,27,33,24,NA,21
R36,Orleans Parish,2021,pre_ban,18,26,13,15,16,19,28,14,16,17
R36,Orleans Parish,2022,pre_ban,21,30,17,17,18,21,31,18,18,19
R36,Orleans Parish,2023,pre_ban,23,33,20,20,20,24,33,21,21,21
R36,Orleans Parish,2024,pre_ban,27,36,23,22,NA,27,36,24,22,26
R36,Orleans Parish,2025,post_ban,28,37,24,23,26,28,37,26,23,27
RBR,Recovery School District - Baton Rouge,2018,pre_ban,16,21,17,6,10,15,19,15,NA,10
RBR,Recovery School District - Baton Rouge,2019,pre_ban,16,21,15,6,10,15,20,14,NA,10
RBR,Recovery School District - Baton Rouge,2021,pre_ban,7,12,5,5,6,7,12,5,5,6
RBR,Recovery School District - Baton Rouge,2022,pre_ban,7,15,6,NA,NA,8,16,6,NA,NA
RBR,Recovery School District - Baton Rouge,2023,pre_ban,10,19,7,8,6,10,19,7,8,6
RBR,Recovery School District - Baton Rouge,2024,pre_ban,12,18,10,7,NA,12,18,10,7,NA
RBR,Recovery School District - Baton Rouge,2025,post_ban,13,22,13,8,8,13,22,13,8,8
STATE,Louisiana Statewide,2018,pre_ban,34,43,32,29,27,35,43,33,NA,28
STATE,Louisiana Statewide,2019,pre_ban,35,44,34,29,28,36,44,35,NA,28
