distcode,districtname,g3_8_ela,g3_8_math,g3_8_all_subjects,year,period
0160,Abbeville 60,48,42.46666666666666,45.23333333333333,2021,pre_ban
0201,Aiken 01,41.28333333333333,24.299999999999997,32.791666666666664,2021,pre_ban
0301,Allendale 01,30.9,18.96666666666667,24.93333333333333,2021,pre_ban
0401,Anderson 01,59.449999999999996,51.6,55.525,2021,pre_ban
0402,Anderson 02,52.13333333333333,44.166666666666664,48.15,2021,pre_ban
0403,Anderson 03,57.083333333333336,47.416666666666664,52.25,2021,pre_ban
0404,Anderson 04,60.38333333333333,51.31666666666666,55.85,2021,pre_ban
0405,Anderson 05,46.6,38.13333333333333,42.36666666666667,2021,pre_ban
0503,Bamberg 03,31.266666666666666,20.15,25.708333333333336,2021,pre_ban
0645,Barnwell 45,31.68333333333333,22.083333333333336,26.883333333333333,2021,pre_ban
0648,Barnwell 48,29.633333333333333,23.049999999999997,26.34166666666666,2021,pre_ban
0701,Beaufort 01,44.8,34.233333333333334,39.516666666666666,2021,pre_ban
0801,Berkeley 01,42.15,25.366666666666667,33.75833333333333,2021,pre_ban
0901,Calhoun 01,34.6,15.450000000000001,25.025,2021,pre_ban
1001,Charleston 01,52.6,43.416666666666664,48.00833333333333,2021,pre_ban
1101,Cherokee 01,30.65,17.566666666666663,24.108333333333327,2021,pre_ban
1201,Chester 01,35.65,21.200000000000003,28.424999999999997,2021,pre_ban
1301,Chesterfield 01,30.15,16.883333333333333,23.516666666666666,2021,pre_ban
1406,Clarendon 06,37.833333333333336,29.46666666666667,33.65,2021,pre_ban
1501,Colleton 01,23.333333333333336,9.083333333333334,16.208333333333336,2021,pre_ban
1601,Darlington 01,35.13333333333333,25.916666666666664,30.525,2021,pre_ban
1703,Dillon 03,43.25,30.733333333333334,36.99166666666667,2021,pre_ban
1704,Dillon 04,29.116666666666667,14.466666666666667,21.791666666666664,2021,pre_ban
1802,Dorchester 02,50.81666666666666,37.11666666666667,43.96666666666666,2021,pre_ban
1804,Dorchester 04,32.083333333333336,20.28333333333333,26.18333333333333,2021,pre_ban
1901,Edgefield 01,40.88333333333333,24.31666666666667,32.6,2021,pre_ban
2001,Fairfield 01,35.46666666666666,23.633333333333333,29.549999999999997,2021,pre_ban
2101,Florence 01,43.4,32.08333333333333,37.74166666666667,2021,pre_ban
2102,Florence 02,33.949999999999996,24.58333333333333,29.26666666666666,2021,pre_ban
2103,Florence 03,34.43333333333333,16.15,25.291666666666664,2021,pre_ban
2105,Florence 05,43.083333333333336,29.983333333333334,36.53333333333334,2021,pre_ban
2201,Georgetown 01,38.449999999999996,28.416666666666664,33.43333333333333,2021,pre_ban
2301,Greenville 01,51.15,43.03333333333333,47.09166666666666,2021,pre_ban
2450,Greenwood 50,45.199999999999996,34.766666666666666,39.98333333333333,2021,pre_ban
2451,Greenwood 51,41.983333333333334,31.866666666666667,36.925000000000004,2021,pre_ban
2452,Greenwood 52,57.833333333333336,50.766666666666666,54.300000000000004,2021,pre_ban
2503,Hampton,44.11666666666667,25.9,35.00833333333333,2021,pre_ban
2601,Horry 01,51.483333333333334,41.166666666666664,46.324999999999996,2021,pre_ban
2701,Jasper 01,19.53333333333333,9.566666666666668,14.549999999999999,2021,pre_ban
2801,Kershaw 01,40.56666666666666,28.699999999999996,34.63333333333333,2021,pre_ban
2901,Lancaster 01,47.11666666666667,42.3,44.708333333333336,2021,pre_ban
3055,Laurens 55,28.116666666666667,17.416666666666664,22.766666666666666,2021,pre_ban
3056,Laurens 56,38.699999999999996,31.68333333333333,35.19166666666666,2021,pre_ban
3101,Lee 01,23.333333333333336,11.839999999999998,17.586666666666666,2021,pre_ban
3201,Lexington 01,50.25,39.46666666666666,44.85833333333333,2021,pre_ban
3202,Lexington 02,29.18333333333333,20,24.59166666666666,2021,pre_ban
3203,Lexington 03,29.9,24.116666666666667,27.008333333333333,2021,pre_ban
3204,Lexington 04,26.6,16.866666666666667,21.733333333333334,2021,pre_ban
3205,Lexington 05,51.416666666666664,39.35,45.38333333333333,2021,pre_ban
3301,McCormick 01,29.21666666666667,11.65,20.433333333333337,2021,pre_ban
3410,Marion 10,19.733333333333334,5.383333333333335,12.558333333333332,2021,pre_ban
3501,Marlboro 01,23.15,11.483333333333336,17.31666666666667,2021,pre_ban
3601,Newberry 01,38.516666666666666,27.983333333333334,33.25,2021,pre_ban
3701,Oconee 01,42.3,35.5,38.9,2021,pre_ban
3809,Orangeburg,25.18333333333333,13.500000000000002,19.34166666666667,2021,pre_ban
3901,Pickens 01,49.483333333333334,38.75,44.11666666666667,2021,pre_ban
4001,Richland 01,34.96666666666666,22.06666666666667,28.516666666666666,2021,pre_ban
4002,Richland 02,41.23333333333333,31.03333333333333,36.13333333333333,2021,pre_ban
4101,Saluda 01,31.483333333333334,19.116666666666667,25.300000000000004,2021,pre_ban
4201,Spartanburg 01,46.199999999999996,41.68333333333333,43.94166666666666,2021,pre_ban
4202,Spartanburg 02,50.916666666666664,42.63333333333333,46.775,2021,pre_ban
4203,Spartanburg 03,46.449999999999996,42.949999999999996,44.699999999999996,2021,pre_ban
4204,Spartanburg 04,44.05,40.78333333333333,42.416666666666664,2021,pre_ban
4205,Spartanburg 05,47.5,40.56666666666666,44.03333333333333,2021,pre_ban
4206,Spartanburg 06,37.45,27.21666666666666,32.333333333333336,2021,pre_ban
4207,Spartanburg 07,42.333333333333336,31.733333333333334,37.03333333333334,2021,pre_ban
4301,Sumter 01,28.9,16.549999999999997,22.725,2021,pre_ban
4401,Union 01,28.883333333333333,18.6,23.741666666666667,2021,pre_ban
4501,Williamsburg 01,32.85,15.966666666666667,24.40833333333333,2021,pre_ban
4601,York 01,37.31666666666666,27.916666666666664,32.61666666666667,2021,pre_ban
4602,York 02,58.06666666666667,53.083333333333336,55.57500000000001,2021,pre_ban
4603,York 03,43.8,29.316666666666663,36.55833333333333,2021,pre_ban
4604,York 04,68.25,59.4,63.824999999999996,2021,pre_ban
4701,SC Public Charter School District,46.233333333333334,28.68333333333333,37.458333333333336,2021,pre_ban
4801,Charter Institute at Erskine,43.28333333333333,21.133333333333333,32.208333333333336,2021,pre_ban
4901,Limestone Charter Association,46.56666666666666,29.68333333333333,38.12499999999999,2021,pre_ban
5207,Deaf & Blind School,NA,NA,NA,2021,pre_ban
5208,Dept Of Juvenile Jun12,18.1,NA,NA,2021,pre_ban
0160,Abbeville 60,51.2,45.666666666666664,48.43333333333333,2022,pre_ban
0201,Aiken 01,44.483333333333334,27.5,35.99166666666667,2022,pre_ban
0301,Allendale 01,34.1,22.166666666666664,28.133333333333333,2022,pre_ban
0401,Anderson 01,62.65,54.800000000000004,58.725,2022,pre_ban
0402,Anderson 02,55.333333333333336,47.36666666666667,51.35,2022,pre_ban
0403,Anderson 03,60.28333333333334,50.61666666666667,55.45,2022,pre_ban
0404,Anderson 04,63.583333333333336,54.516666666666666,59.050000000000004,2022,pre_ban
0405,Anderson 05,49.800000000000004,41.333333333333336,45.56666666666667,2022,pre_ban
0503,Bamberg 03,34.46666666666667,23.35,28.90833333333334,2022,pre_ban
0645,Barnwell 45,34.88333333333333,25.28333333333333,30.083333333333336,2022,pre_ban
0648,Barnwell 48,32.833333333333336,26.25,29.541666666666664,2022,pre_ban
0701,Beaufort 01,48,37.43333333333334,42.71666666666667,2022,pre_ban
0801,Berkeley 01,45.35,28.56666666666667,36.958333333333336,2022,pre_ban
0901,Calhoun 01,37.800000000000004,18.65,28.225,2022,pre_ban
1001,Charleston 01,55.800000000000004,46.61666666666667,51.208333333333336,2022,pre_ban
1101,Cherokee 01,33.85,20.766666666666666,27.30833333333333,2022,pre_ban
1201,Chester 01,38.85,24.4,31.625,2022,pre_ban
1301,Chesterfield 01,33.35,20.083333333333336,26.71666666666667,2022,pre_ban
1406,Clarendon 06,41.03333333333334,32.66666666666667,36.85,2022,pre_ban
1501,Colleton 01,26.53333333333333,12.283333333333333,19.40833333333333,2022,pre_ban
1601,Darlington 01,38.333333333333336,29.116666666666667,33.725,2022,pre_ban
1703,Dillon 03,46.45,33.93333333333334,40.19166666666667,2022,pre_ban
1704,Dillon 04,32.31666666666667,17.666666666666664,24.991666666666667,2022,pre_ban
1802,Dorchester 02,54.016666666666666,40.31666666666667,47.166666666666664,2022,pre_ban
1804,Dorchester 04,35.28333333333334,23.483333333333334,29.383333333333333,2022,pre_ban
1901,Edgefield 01,44.083333333333336,27.516666666666673,35.800000000000004,2022,pre_ban
2001,Fairfield 01,38.666666666666664,26.833333333333336,32.75,2022,pre_ban
2101,Florence 01,46.6,35.28333333333333,40.94166666666667,2022,pre_ban
2102,Florence 02,37.15,27.78333333333333,32.46666666666666,2022,pre_ban
2103,Florence 03,37.63333333333333,19.35,28.491666666666667,2022,pre_ban
2105,Florence 05,46.28333333333334,33.18333333333334,39.73333333333334,2022,pre_ban
2201,Georgetown 01,41.65,31.616666666666667,36.63333333333333,2022,pre_ban
2301,Greenville 01,54.35,46.233333333333334,50.291666666666664,2022,pre_ban
2450,Greenwood 50,48.4,37.96666666666667,43.18333333333333,2022,pre_ban
2451,Greenwood 51,45.18333333333334,35.06666666666667,40.12500000000001,2022,pre_ban
2452,Greenwood 52,61.03333333333334,53.96666666666667,57.50000000000001,2022,pre_ban
2503,Hampton,47.31666666666667,29.1,38.208333333333336,2022,pre_ban
2601,Horry 01,54.68333333333334,44.36666666666667,49.525,2022,pre_ban
2701,Jasper 01,22.733333333333334,12.766666666666667,17.75,2022,pre_ban
2801,Kershaw 01,43.766666666666666,31.9,37.833333333333336,2022,pre_ban
2901,Lancaster 01,50.31666666666667,45.5,47.90833333333334,2022,pre_ban
3055,Laurens 55,31.31666666666667,20.616666666666667,25.96666666666667,2022,pre_ban
3056,Laurens 56,41.9,34.88333333333333,38.391666666666666,2022,pre_ban
3101,Lee 01,26.53333333333333,15.039999999999997,20.78666666666667,2022,pre_ban
3201,Lexington 01,53.45,42.666666666666664,48.05833333333333,2022,pre_ban
3202,Lexington 02,32.38333333333333,23.200000000000003,27.791666666666664,2022,pre_ban
3203,Lexington 03,33.1,27.31666666666667,30.208333333333336,2022,pre_ban
3204,Lexington 04,29.800000000000004,20.066666666666663,24.933333333333337,2022,pre_ban
3205,Lexington 05,54.61666666666667,42.550000000000004,48.583333333333336,2022,pre_ban
3301,McCormick 01,32.41666666666667,14.85,23.633333333333333,2022,pre_ban
3410,Marion 10,22.93333333333333,8.583333333333334,15.758333333333331,2022,pre_ban
3501,Marlboro 01,26.35,14.683333333333335,20.516666666666666,2022,pre_ban
3601,Newberry 01,41.71666666666667,31.183333333333337,36.45,2022,pre_ban
3701,Oconee 01,45.5,38.7,42.1,2022,pre_ban
3809,Orangeburg,28.383333333333333,16.700000000000003,22.541666666666664,2022,pre_ban
3901,Pickens 01,52.68333333333334,41.95,47.31666666666667,2022,pre_ban
4001,Richland 01,38.166666666666664,25.266666666666666,31.71666666666667,2022,pre_ban
4002,Richland 02,44.43333333333333,34.233333333333334,39.333333333333336,2022,pre_ban
4101,Saluda 01,34.68333333333334,22.31666666666667,28.500000000000007,2022,pre_ban
4201,Spartanburg 01,49.4,44.88333333333333,47.141666666666666,2022,pre_ban
4202,Spartanburg 02,54.11666666666667,45.833333333333336,49.975,2022,pre_ban
4203,Spartanburg 03,49.65,46.15,47.9,2022,pre_ban
4204,Spartanburg 04,47.25,43.983333333333334,45.61666666666667,2022,pre_ban
4205,Spartanburg 05,50.7,43.766666666666666,47.233333333333334,2022,pre_ban
4206,Spartanburg 06,40.650000000000006,30.416666666666664,35.53333333333334,2022,pre_ban
4207,Spartanburg 07,45.53333333333334,34.93333333333334,40.23333333333334,2022,pre_ban
4301,Sumter 01,32.1,19.75,25.924999999999997,2022,pre_ban
4401,Union 01,32.083333333333336,21.799999999999997,26.94166666666667,2022,pre_ban
4501,Williamsburg 01,36.050000000000004,19.166666666666664,27.608333333333334,2022,pre_ban
4601,York 01,40.516666666666666,31.116666666666667,35.81666666666667,2022,pre_ban
4602,York 02,61.26666666666667,56.28333333333334,58.77500000000001,2022,pre_ban
4603,York 03,47,32.516666666666666,39.75833333333333,2022,pre_ban
4604,York 04,71.44999999999999,62.6,67.02499999999999,2022,pre_ban
4701,SC Public Charter School District,49.43333333333334,31.883333333333333,40.65833333333334,2022,pre_ban
4801,Charter Institute at Erskine,46.483333333333334,24.333333333333336,35.40833333333334,2022,pre_ban
4901,Limestone Charter Association,49.766666666666666,32.88333333333333,41.324999999999996,2022,pre_ban
5207,Deaf & Blind School,NA,NA,NA,2022,pre_ban
5208,Dept Of Juvenile Jun12,21.299999999999997,NA,NA,2022,pre_ban
0160,Abbeville 60,56.1,50.56666666666666,53.33333333333333,2023,pre_ban
0201,Aiken 01,49.38333333333333,32.4,40.891666666666666,2023,pre_ban
0301,Allendale 01,39,27.066666666666666,33.03333333333333,2023,pre_ban
0401,Anderson 01,67.55,59.7,63.625,2023,pre_ban
0402,Anderson 02,60.233333333333334,52.266666666666666,56.25,2023,pre_ban
0403,Anderson 03,65.18333333333334,55.516666666666666,60.35,2023,pre_ban
0404,Anderson 04,68.48333333333333,59.416666666666664,63.95,2023,pre_ban
0405,Anderson 05,54.7,46.233333333333334,50.46666666666667,2023,pre_ban
0503,Bamberg 03,39.36666666666667,28.25,33.80833333333334,2023,pre_ban
0645,Barnwell 45,39.78333333333333,30.183333333333334,34.983333333333334,2023,pre_ban
0648,Barnwell 48,37.733333333333334,31.15,34.44166666666666,2023,pre_ban
0701,Beaufort 01,52.9,42.333333333333336,47.61666666666667,2023,pre_ban
0801,Berkeley 01,50.25,33.46666666666667,41.858333333333334,2023,pre_ban
0901,Calhoun 01,42.7,23.55,33.125,2023,pre_ban
1001,Charleston 01,60.7,51.516666666666666,56.108333333333334,2023,pre_ban
1101,Cherokee 01,38.75,25.666666666666664,32.20833333333333,2023,pre_ban
1201,Chester 01,43.75,29.3,36.525,2023,pre_ban
1301,Chesterfield 01,38.25,24.983333333333334,31.616666666666667,2023,pre_ban
1406,Clarendon 06,45.93333333333334,37.56666666666667,41.75,2023,pre_ban
1501,Colleton 01,31.433333333333334,17.183333333333334,24.308333333333334,2023,pre_ban
1601,Darlington 01,43.233333333333334,34.016666666666666,38.625,2023,pre_ban
1703,Dillon 03,51.35,38.833333333333336,45.09166666666667,2023,pre_ban
1704,Dillon 04,37.21666666666667,22.566666666666666,29.891666666666666,2023,pre_ban
1802,Dorchester 02,58.916666666666664,45.21666666666667,52.06666666666666,2023,pre_ban
1804,Dorchester 04,40.18333333333334,28.383333333333333,34.28333333333333,2023,pre_ban
1901,Edgefield 01,48.983333333333334,32.41666666666667,40.7,2023,pre_ban
2001,Fairfield 01,43.56666666666666,31.733333333333334,37.65,2023,pre_ban
2101,Florence 01,51.5,40.18333333333333,45.84166666666667,2023,pre_ban
2102,Florence 02,42.05,32.68333333333333,37.36666666666666,2023,pre_ban
2103,Florence 03,42.53333333333333,24.25,33.391666666666666,2023,pre_ban
2105,Florence 05,51.18333333333334,38.083333333333336,44.63333333333334,2023,pre_ban
2201,Georgetown 01,46.55,36.516666666666666,41.53333333333333,2023,pre_ban
2301,Greenville 01,59.25,51.13333333333333,55.19166666666666,2023,pre_ban
2450,Greenwood 50,53.3,42.86666666666667,48.08333333333333,2023,pre_ban
2451,Greenwood 51,50.083333333333336,39.96666666666667,45.025000000000006,2023,pre_ban
2452,Greenwood 52,65.93333333333334,58.86666666666667,62.400000000000006,2023,pre_ban
2503,Hampton,52.21666666666667,34,43.108333333333334,2023,pre_ban
2601,Horry 01,59.583333333333336,49.266666666666666,54.425,2023,pre_ban
2701,Jasper 01,27.633333333333333,17.666666666666668,22.65,2023,pre_ban
2801,Kershaw 01,48.666666666666664,36.8,42.733333333333334,2023,pre_ban
2901,Lancaster 01,55.21666666666667,50.4,52.80833333333334,2023,pre_ban
3055,Laurens 55,36.21666666666667,25.516666666666666,30.866666666666667,2023,pre_ban
3056,Laurens 56,46.8,39.78333333333333,43.291666666666664,2023,pre_ban
3101,Lee 01,31.433333333333334,19.939999999999998,25.686666666666667,2023,pre_ban
3201,Lexington 01,58.35,47.56666666666666,52.95833333333333,2023,pre_ban
3202,Lexington 02,37.28333333333333,28.1,32.69166666666666,2023,pre_ban
3203,Lexington 03,38,32.21666666666667,35.108333333333334,2023,pre_ban
3204,Lexington 04,34.7,24.966666666666665,29.833333333333336,2023,pre_ban
3205,Lexington 05,59.516666666666666,47.45,53.483333333333334,2023,pre_ban
3301,McCormick 01,37.31666666666667,19.75,28.533333333333335,2023,pre_ban
3410,Marion 10,27.833333333333332,13.483333333333334,20.65833333333333,2023,pre_ban
3501,Marlboro 01,31.25,19.583333333333336,25.416666666666668,2023,pre_ban
3601,Newberry 01,46.61666666666667,36.083333333333336,41.35,2023,pre_ban
3701,Oconee 01,50.4,43.6,47,2023,pre_ban
3809,Orangeburg,33.28333333333333,21.6,27.441666666666666,2023,pre_ban
3901,Pickens 01,57.583333333333336,46.85,52.21666666666667,2023,pre_ban
4001,Richland 01,43.06666666666666,30.166666666666668,36.61666666666667,2023,pre_ban
4002,Richland 02,49.33333333333333,39.13333333333333,44.233333333333334,2023,pre_ban
4101,Saluda 01,39.583333333333336,27.21666666666667,33.400000000000006,2023,pre_ban
4201,Spartanburg 01,54.3,49.78333333333333,52.041666666666664,2023,pre_ban
4202,Spartanburg 02,59.016666666666666,50.733333333333334,54.875,2023,pre_ban
4203,Spartanburg 03,54.55,51.05,52.8,2023,pre_ban
4204,Spartanburg 04,52.15,48.88333333333333,50.516666666666666,2023,pre_ban
4205,Spartanburg 05,55.6,48.666666666666664,52.13333333333333,2023,pre_ban
4206,Spartanburg 06,45.550000000000004,35.31666666666666,40.43333333333334,2023,pre_ban
4207,Spartanburg 07,50.43333333333334,39.833333333333336,45.13333333333334,2023,pre_ban
4301,Sumter 01,37,24.65,30.825,2023,pre_ban
4401,Union 01,36.983333333333334,26.7,31.84166666666667,2023,pre_ban
4501,Williamsburg 01,40.95,24.066666666666666,32.50833333333333,2023,pre_ban
4601,York 01,45.416666666666664,36.016666666666666,40.71666666666667,2023,pre_ban
4602,York 02,66.16666666666667,61.18333333333334,63.67500000000001,2023,pre_ban
4603,York 03,51.9,37.416666666666664,44.65833333333333,2023,pre_ban
4604,York 04,76.35,67.5,71.925,2023,pre_ban
4701,SC Public Charter School District,54.333333333333336,36.78333333333333,45.55833333333334,2023,pre_ban
4801,Charter Institute at Erskine,51.38333333333333,29.233333333333334,40.30833333333334,2023,pre_ban
4901,Limestone Charter Association,54.666666666666664,37.78333333333333,46.224999999999994,2023,pre_ban
5207,Deaf & Blind School,NA,NA,NA,2023,pre_ban
5208,Dept Of Juvenile Jun12,26.2,NA,NA,2023,pre_ban
0160,Abbeville 60,56.6,51.06666666666666,53.83333333333333,2024,pre_ban
0201,Aiken 01,49.88333333333333,32.9,41.391666666666666,2024,pre_ban
0301,Allendale 01,39.5,27.566666666666666,33.53333333333333,2024,pre_ban
0401,Anderson 01,68.05,60.2,64.125,2024,pre_ban
0402,Anderson 02,60.733333333333334,52.766666666666666,56.75,2024,pre_ban
0403,Anderson 03,65.68333333333334,56.016666666666666,60.85,2024,pre_ban
0404,Anderson 04,68.98333333333333,59.916666666666664,64.45,2024,pre_ban
0405,Anderson 05,55.2,46.733333333333334,50.96666666666667,2024,pre_ban
0503,Bamberg 03,39.86666666666667,28.75,34.30833333333334,2024,pre_ban
0645,Barnwell 45,40.28333333333333,30.683333333333334,35.483333333333334,2024,pre_ban
0648,Barnwell 48,38.233333333333334,31.65,34.94166666666666,2024,pre_ban
0701,Beaufort 01,53.4,42.833333333333336,48.11666666666667,2024,pre_ban
0801,Berkeley 01,50.75,33.96666666666667,42.358333333333334,2024,pre_ban
0901,Calhoun 01,43.2,24.05,33.625,2024,pre_ban
1001,Charleston 01,61.2,52.016666666666666,56.608333333333334,2024,pre_ban
1101,Cherokee 01,39.25,26.166666666666664,32.70833333333333,2024,pre_ban
1201,Chester 01,44.25,29.8,37.025,2024,pre_ban
1301,Chesterfield 01,38.75,25.483333333333334,32.11666666666667,2024,pre_ban
1406,Clarendon 06,46.43333333333334,38.06666666666667,42.25,2024,pre_ban
1501,Colleton 01,31.933333333333334,17.683333333333334,24.808333333333334,2024,pre_ban
1601,Darlington 01,43.733333333333334,34.516666666666666,39.125,2024,pre_ban
1703,Dillon 03,51.85,39.333333333333336,45.59166666666667,2024,pre_ban
1704,Dillon 04,37.71666666666667,23.066666666666666,30.391666666666666,2024,pre_ban
1802,Dorchester 02,59.416666666666664,45.71666666666667,52.56666666666666,2024,pre_ban
1804,Dorchester 04,40.68333333333334,28.883333333333333,34.78333333333333,2024,pre_ban
1901,Edgefield 01,49.483333333333334,32.91666666666667,41.2,2024,pre_ban
2001,Fairfield 01,44.06666666666666,32.233333333333334,38.15,2024,pre_ban
2101,Florence 01,52,40.68333333333333,46.34166666666667,2024,pre_ban
2102,Florence 02,42.55,33.18333333333333,37.86666666666666,2024,pre_ban
2103,Florence 03,43.03333333333333,24.75,33.891666666666666,2024,pre_ban
2105,Florence 05,51.68333333333334,38.583333333333336,45.13333333333334,2024,pre_ban
2201,Georgetown 01,47.05,37.016666666666666,42.03333333333333,2024,pre_ban
2301,Greenville 01,59.75,51.63333333333333,55.69166666666666,2024,pre_ban
2450,Greenwood 50,53.8,43.36666666666667,48.58333333333333,2024,pre_ban
2451,Greenwood 51,50.583333333333336,40.46666666666667,45.525000000000006,2024,pre_ban
2452,Greenwood 52,66.43333333333334,59.36666666666667,62.900000000000006,2024,pre_ban
2503,Hampton,52.71666666666667,34.5,43.608333333333334,2024,pre_ban
2601,Horry 01,60.083333333333336,49.766666666666666,54.925,2024,pre_ban
2701,Jasper 01,28.133333333333333,18.166666666666668,23.15,2024,pre_ban
2801,Kershaw 01,49.166666666666664,37.3,43.233333333333334,2024,pre_ban
2901,Lancaster 01,55.71666666666667,50.9,53.30833333333334,2024,pre_ban
3055,Laurens 55,36.71666666666667,26.016666666666666,31.366666666666667,2024,pre_ban
3056,Laurens 56,47.3,40.28333333333333,43.791666666666664,2024,pre_ban
3101,Lee 01,31.933333333333334,20.439999999999998,26.186666666666667,2024,pre_ban
3201,Lexington 01,58.85,48.06666666666666,53.45833333333333,2024,pre_ban
3202,Lexington 02,37.78333333333333,28.6,33.19166666666666,2024,pre_ban
3203,Lexington 03,38.5,32.71666666666667,35.608333333333334,2024,pre_ban
3204,Lexington 04,35.2,25.466666666666665,30.333333333333336,2024,pre_ban
3205,Lexington 05,60.016666666666666,47.95,53.983333333333334,2024,pre_ban
3301,McCormick 01,37.81666666666667,20.25,29.033333333333335,2024,pre_ban
3410,Marion 10,28.333333333333332,13.983333333333334,21.15833333333333,2024,pre_ban
3501,Marlboro 01,31.75,20.083333333333336,25.916666666666668,2024,pre_ban
3601,Newberry 01,47.11666666666667,36.583333333333336,41.85,2024,pre_ban
3701,Oconee 01,50.9,44.1,47.5,2024,pre_ban
3809,Orangeburg,33.78333333333333,22.1,27.941666666666666,2024,pre_ban
3901,Pickens 01,58.083333333333336,47.35,52.71666666666667,2024,pre_ban
4001,Richland 01,43.56666666666666,30.666666666666668,37.11666666666667,2024,pre_ban
4002,Richland 02,49.83333333333333,39.63333333333333,44.733333333333334,2024,pre_ban
4101,Saluda 01,40.083333333333336,27.71666666666667,33.900000000000006,2024,pre_ban
4201,Spartanburg 01,54.8,50.28333333333333,52.541666666666664,2024,pre_ban
4202,Spartanburg 02,59.516666666666666,51.233333333333334,55.375,2024,pre_ban
4203,Spartanburg 03,55.05,51.55,53.3,2024,pre_ban
4204,Spartanburg 04,52.65,49.38333333333333,51.016666666666666,2024,pre_ban
4205,Spartanburg 05,56.1,49.166666666666664,52.63333333333333,2024,pre_ban
4206,Spartanburg 06,46.050000000000004,35.81666666666666,40.93333333333334,2024,pre_ban
4207,Spartanburg 07,50.93333333333334,40.333333333333336,45.63333333333334,2024,pre_ban
4301,Sumter 01,37.5,25.15,31.325,2024,pre_ban
4401,Union 01,37.483333333333334,27.2,32.34166666666667,2024,pre_ban
4501,Williamsburg 01,41.45,24.566666666666666,33.00833333333333,2024,pre_ban
4601,York 01,45.916666666666664,36.516666666666666,41.21666666666667,2024,pre_ban
4602,York 02,66.66666666666667,61.68333333333334,64.17500000000001,2024,pre_ban
4603,York 03,52.4,37.916666666666664,45.15833333333333,2024,pre_ban
4604,York 04,76.85,68,72.425,2024,pre_ban
4701,SC Public Charter School District,54.833333333333336,37.28333333333333,46.05833333333334,2024,pre_ban
4801,Charter Institute at Erskine,51.88333333333333,29.733333333333334,40.80833333333334,2024,pre_ban
4901,Limestone Charter Association,55.166666666666664,38.28333333333333,46.724999999999994,2024,pre_ban
5207,Deaf & Blind School,NA,NA,NA,2024,pre_ban
5208,Dept Of Juvenile Jun12,26.7,NA,NA,2024,pre_ban
0160,Abbeville 60,56.6,51.06666666666666,53.83333333333333,2025,post_ban
0201,Aiken 01,49.88333333333333,32.9,41.391666666666666,2025,post_ban
0301,Allendale 01,39.5,27.566666666666666,33.53333333333333,2025,post_ban
0401,Anderson 01,68.05,60.2,64.125,2025,post_ban
0402,Anderson 02,60.733333333333334,52.766666666666666,56.75,2025,post_ban
0403,Anderson 03,65.68333333333334,56.016666666666666,60.85,2025,post_ban
0404,Anderson 04,68.98333333333333,59.916666666666664,64.45,2025,post_ban
0405,Anderson 05,55.2,46.733333333333334,50.96666666666667,2025,post_ban
0503,Bamberg 03,39.86666666666667,28.75,34.30833333333334,2025,post_ban
0645,Barnwell 45,40.28333333333333,30.683333333333334,35.483333333333334,2025,post_ban
0648,Barnwell 48,38.233333333333334,31.65,34.94166666666666,2025,post_ban
0701,Beaufort 01,53.4,42.833333333333336,48.11666666666667,2025,post_ban
0801,Berkeley 01,50.75,33.96666666666667,42.358333333333334,2025,post_ban
0901,Calhoun 01,43.2,24.05,33.625,2025,post_ban
1001,Charleston 01,61.2,52.016666666666666,56.608333333333334,2025,post_ban
1101,Cherokee 01,39.25,26.166666666666664,32.70833333333333,2025,post_ban
1201,Chester 01,44.25,29.8,37.025,2025,post_ban
1301,Chesterfield 01,38.75,25.483333333333334,32.11666666666667,2025,post_ban
1406,Clarendon 06,46.43333333333334,38.06666666666667,42.25,2025,post_ban
1501,Colleton 01,31.933333333333334,17.683333333333334,24.808333333333334,2025,post_ban
1601,Darlington 01,43.733333333333334,34.516666666666666,39.125,2025,post_ban
1703,Dillon 03,51.85,39.333333333333336,45.59166666666667,2025,post_ban
1704,Dillon 04,37.71666666666667,23.066666666666666,30.391666666666666,2025,post_ban
1802,Dorchester 02,59.416666666666664,45.71666666666667,52.56666666666666,2025,post_ban
1804,Dorchester 04,40.68333333333334,28.883333333333333,34.78333333333333,2025,post_ban
1901,Edgefield 01,49.483333333333334,32.91666666666667,41.2,2025,post_ban
2001,Fairfield 01,44.06666666666666,32.233333333333334,38.15,2025,post_ban
2101,Florence 01,52,40.68333333333333,46.34166666666667,2025,post_ban
2102,Florence 02,42.55,33.18333333333333,37.86666666666666,2025,post_ban
2103,Florence 03,43.03333333333333,24.75,33.891666666666666,2025,post_ban
2105,Florence 05,51.68333333333334,38.583333333333336,45.13333333333334,2025,post_ban
2201,Georgetown 01,47.05,37.016666666666666,42.03333333333333,2025,post_ban
2301,Greenville 01,59.75,51.63333333333333,55.69166666666666,2025,post_ban
2450,Greenwood 50,53.8,43.36666666666667,48.58333333333333,2025,post_ban
2451,Greenwood 51,50.583333333333336,40.46666666666667,45.525000000000006,2025,post_ban
2452,Greenwood 52,66.43333333333334,59.36666666666667,62.900000000000006,2025,post_ban
2503,Hampton,52.71666666666667,34.5,43.608333333333334,2025,post_ban
2601,Horry 01,60.083333333333336,49.766666666666666,54.925,2025,post_ban
2701,Jasper 01,28.133333333333333,18.166666666666668,23.15,2025,post_ban
2801,Kershaw 01,49.166666666666664,37.3,43.233333333333334,2025,post_ban
2901,Lancaster 01,55.71666666666667,50.9,53.30833333333334,2025,post_ban
3055,Laurens 55,36.71666666666667,26.016666666666666,31.366666666666667,2025,post_ban
3056,Laurens 56,47.3,40.28333333333333,43.791666666666664,2025,post_ban
3101,Lee 01,31.933333333333334,20.439999999999998,26.186666666666667,2025,post_ban
3201,Lexington 01,58.85,48.06666666666666,53.45833333333333,2025,post_ban
3202,Lexington 02,37.78333333333333,28.6,33.19166666666666,2025,post_ban
3203,Lexington 03,38.5,32.71666666666667,35.608333333333334,2025,post_ban
3204,Lexington 04,35.2,25.466666666666665,30.333333333333336,2025,post_ban
3205,Lexington 05,60.016666666666666,47.95,53.983333333333334,2025,post_ban
3301,McCormick 01,37.81666666666667,20.25,29.033333333333335,2025,post_ban
3410,Marion 10,28.333333333333332,13.983333333333334,21.15833333333333,2025,post_ban
3501,Marlboro 01,31.75,20.083333333333336,25.916666666666668,2025,post_ban
3601,Newberry 01,47.11666666666667,36.583333333333336,41.85,2025,post_ban
3701,Oconee 01,50.9,44.1,47.5,2025,post_ban
3809,Orangeburg,33.78333333333333,22.1,27.941666666666666,2025,post_ban
3901,Pickens 01,58.083333333333336,47.35,52.71666666666667,2025,post_ban
4001,Richland 01,43.56666666666666,30.666666666666668,37.11666666666667,2025,post_ban
4002,Richland 02,49.83333333333333,39.63333333333333,44.733333333333334,2025,post_ban
4101,Saluda 01,40.083333333333336,27.71666666666667,33.900000000000006,2025,post_ban
4201,Spartanburg 01,54.8,50.28333333333333,52.541666666666664,2025,post_ban
4202,Spartanburg 02,59.516666666666666,51.233333333333334,55.375,2025,post_ban
4203,Spartanburg 03,55.05,51.55,53.3,2025,post_ban
4204,Spartanburg 04,52.65,49.38333333333333,51.016666666666666,2025,post_ban
4205,Spartanburg 05,56.1,49.166666666666664,52.63333333333333,2025,post_ban
4206,Spartanburg 06,46.050000000000004,35.81666666666666,40.93333333333334,2025,post_ban
4207,Spartanburg 07,50.93333333333334,40.333333333333336,45.63333333333334,2025,post_ban
4301,Sumter 01,37.5,25.15,31.325,2025,post_ban
4401,Union 01,37.483333333333334,27.2,32.34166666666667,2025,post_ban
4501,Williamsburg 01,41.45,24.566666666666666,33.00833333333333,2025,post_ban
4601,York 01,45.916666666666664,36.516666666666666,41.21666666666667,2025,post_ban
4602,York 02,66.66666666666667,61.68333333333334,64.17500000000001,2025,post_ban
4603,York 03,52.4,37.916666666666664,45.15833333333333,2025,post_ban
4604,York 04,76.85,68,72.425,2025,post_ban
4701,SC Public Charter School District,54.833333333333336,37.28333333333333,46.05833333333334,2025,post_ban
4801,Charter Institute at Erskine,51.88333333333333,29.733333333333334,40.80833333333334,2025,post_ban
4901,Limestone Charter Association,55.166666666666664,38.28333333333333,46.724999999999994,2025,post_ban
5207,Deaf & Blind School,NA,NA,NA,2025,post_ban
5208,Dept Of Juvenile Jun12,26.7,NA,NA,2025,post_ban
